id,player,localFile,wikipediaPageUrl,commonsFileName,commonsFilePageUrl,imageDownloadUrl,author,credit,licenseShortName,licenseUrl,modified,status,note
messi,Lionel Messi,assets/players/messi.png,https://en.wikipedia.org/wiki/Lionel_Messi,Leo_Messi_Argentina_v_Egypt_7_July_2026-1.jpg,https://commons.wikimedia.org/wiki/File:Leo_Messi_Argentina_v_Egypt_7_July_2026-1.jpg,https://upload.wikimedia.org/wikipedia/commons/thumb/c/c8/Leo_Messi_Argentina_v_Egypt_7_July_2026-1.jpg/960px-Leo_Messi_Argentina_v_Egypt_7_July_2026-1.jpg?utm_source=commons.wikimedia.org&utm_campaign=imageinfo&utm_content=thumbnail,Bryan Berlin,Own work,CC BY-SA 4.0,https://creativecommons.org/licenses/by-sa/4.0,Yes,ok,
ronaldo,Cristiano Ronaldo,assets/players/ronaldo.png,https://en.wikipedia.org/wiki/Cristiano_Ronaldo,Cristiano_Ronaldo_Croatia_v_Portugal_2_July_2026-075_(cropped).jpg,https://commons.wikimedia.org/wiki/File:Cristiano_Ronaldo_Croatia_v_Portugal_2_July_2026-075_(cropped).jpg,https://upload.wikimedia.org/wikipedia/commons/thumb/2/26/Cristiano_Ronaldo_Croatia_v_Portugal_2_July_2026-075_%28cropped%29.jpg/960px-Cristiano_Ronaldo_Croatia_v_Portugal_2_July_2026-075_%28cropped%29.jpg?utm_source=commons.wikimedia.org&utm_campaign=imageinfo&utm_content=thumbnail,Bryan Berlin,Own work,CC BY-SA 4.0,https://creativecommons.org/licenses/by-sa/4.0,Yes,ok,
mbappe,Kylian Mbappe,assets/players/mbappe.png,https://en.wikipedia.org/wiki/Kylian_Mbapp%C3%A9,Kylian_Mbappe_France_v_Senegal_16_June_2026-391_(cropped).jpg,https://commons.wikimedia.org/wiki/File:Kylian_Mbappe_France_v_Senegal_16_June_2026-391_(cropped).jpg,https://upload.wikimedia.org/wikipedia/commons/thumb/9/95/Kylian_Mbappe_France_v_Senegal_16_June_2026-391_%28cropped%29.jpg/960px-Kylian_Mbappe_France_v_Senegal_16_June_2026-391_%28cropped%29.jpg?utm_source=commons.wikimedia.org&utm_campaign=imageinfo&utm_content=thumbnail,Bryan Berlin,Own work,CC BY-SA 4.0,https://creativecommons.org/licenses/by-sa/4.0,Yes,ok,
haaland,Erling Haaland,assets/players/haaland.png,https://en.wikipedia.org/wiki/Erling_Haaland,Erling_Haaland_Morocco_v_Norway_7_June_2026-51.jpg,https://commons.wikimedia.org/wiki/File:Erling_Haaland_Morocco_v_Norway_7_June_2026-51.jpg,https://upload.wikimedia.org/wikipedia/commons/thumb/4/43/Erling_Haaland_Morocco_v_Norway_7_June_2026-51.jpg/960px-Erling_Haaland_Morocco_v_Norway_7_June_2026-51.jpg?utm_source=commons.wikimedia.org&utm_campaign=imageinfo&utm_content=thumbnail,Bryan Berlin,Own work,CC BY-SA 4.0,https://creativecommons.org/licenses/by-sa/4.0,Yes,ok,
neymar,Neymar,assets/players/neymar.png,https://en.wikipedia.org/wiki/Neymar,2025-02-12_-_Jogador_Neymar_joga_seu_primeiro_clássico_após_retorno_ao_futebol_brasileiro._Lance_de_jogo_entre_Corinthians_e_Santos_pelo_Campeonato_Paulista_(cropped).jpg,https://commons.wikimedia.org/wiki/File:2025-02-12_-_Jogador_Neymar_joga_seu_primeiro_cl%C3%A1ssico_ap%C3%B3s_retorno_ao_futebol_brasileiro._Lance_de_jogo_entre_Corinthians_e_Santos_pelo_Campeonato_Paulista_(cropped).jpg,https://upload.wikimedia.org/wikipedia/commons/thumb/9/9a/2025-02-12_-_Jogador_Neymar_joga_seu_primeiro_cl%C3%A1ssico_ap%C3%B3s_retorno_ao_futebol_brasileiro._Lance_de_jogo_entre_Corinthians_e_Santos_pelo_Campeonato_Paulista_%28cropped%29.jpg/960px-thumbnail.jpg?utm_source=commons.wikimedia.org&utm_campaign=imageinfo&utm_content=thumbnail,Foto: Paulo Pinto/Agência Brasil/ Local: São Paulo-SP,"São Paulo (SP), 12/02/2025 - Jogador Neymar joga seu primeiro clássico após retorno ao futebol brasileiro. Lance de jogo entre Corinthians e Santos pelo Campeonato Paulista. Foto: Paulo Pinto/Agência Brasil",CC BY 3.0 br,https://creativecommons.org/licenses/by/3.0/br/deed.en,Yes,ok,
salah,Mohamed Salah,assets/players/salah.png,https://en.wikipedia.org/wiki/Mohamed_Salah,Mohamed_Salah_Argentina_v_Egypt_7_July_2026-163_(cropped).jpg,https://commons.wikimedia.org/wiki/File:Mohamed_Salah_Argentina_v_Egypt_7_July_2026-163_(cropped).jpg,https://upload.wikimedia.org/wikipedia/commons/thumb/a/a6/Mohamed_Salah_Argentina_v_Egypt_7_July_2026-163_%28cropped%29.jpg/960px-Mohamed_Salah_Argentina_v_Egypt_7_July_2026-163_%28cropped%29.jpg?utm_source=commons.wikimedia.org&utm_campaign=imageinfo&utm_content=thumbnail,Bryan Berlin,Own work,CC BY-SA 4.0,https://creativecommons.org/licenses/by-sa/4.0,Yes,ok,
vinicius,Vinicius Junior,assets/players/vinicius.png,https://en.wikipedia.org/wiki/Vin%C3%ADcius_J%C3%BAnior,Vinícius_Júnior_Brazil_V_Morocco_13_June_2026-207_(cropped).jpg,https://commons.wikimedia.org/wiki/File:Vin%C3%ADcius_J%C3%BAnior_Brazil_V_Morocco_13_June_2026-207_(cropped).jpg,https://upload.wikimedia.org/wikipedia/commons/thumb/1/10/Vin%C3%ADcius_J%C3%BAnior_Brazil_V_Morocco_13_June_2026-207_%28cropped%29.jpg/960px-Vin%C3%ADcius_J%C3%BAnior_Brazil_V_Morocco_13_June_2026-207_%28cropped%29.jpg?utm_source=commons.wikimedia.org&utm_campaign=imageinfo&utm_content=thumbnail,Bryan Berlin,Own work,CC BY-SA 4.0,https://creativecommons.org/licenses/by-sa/4.0,Yes,ok,
bellingham,Jude Bellingham,assets/players/bellingham.png,https://en.wikipedia.org/wiki/Jude_Bellingham,Jude_Bellingham_England_v_Panama_27_June_26-160_(cropped).jpg,https://commons.wikimedia.org/wiki/File:Jude_Bellingham_England_v_Panama_27_June_26-160_(cropped).jpg,https://upload.wikimedia.org/wikipedia/commons/thumb/6/60/Jude_Bellingham_England_v_Panama_27_June_26-160_%28cropped%29.jpg/960px-Jude_Bellingham_England_v_Panama_27_June_26-160_%28cropped%29.jpg?utm_source=commons.wikimedia.org&utm_campaign=imageinfo&utm_content=thumbnail,Bryan Berlin,Own work,CC BY-SA 4.0,https://creativecommons.org/licenses/by-sa/4.0,Yes,ok,
debruyne,Kevin De Bruyne,assets/players/debruyne.png,https://en.wikipedia.org/wiki/Kevin_De_Bruyne,Kevin_De_Bruyne_USMNT_v_Belgium_Mar_28_2026-64_(cropped).jpg,https://commons.wikimedia.org/wiki/File:Kevin_De_Bruyne_USMNT_v_Belgium_Mar_28_2026-64_(cropped).jpg,https://upload.wikimedia.org/wikipedia/commons/thumb/4/40/Kevin_De_Bruyne_USMNT_v_Belgium_Mar_28_2026-64_%28cropped%29.jpg/960px-Kevin_De_Bruyne_USMNT_v_Belgium_Mar_28_2026-64_%28cropped%29.jpg?utm_source=commons.wikimedia.org&utm_campaign=imageinfo&utm_content=thumbnail,Bryan Berlin,Own work,CC BY-SA 4.0,https://creativecommons.org/licenses/by-sa/4.0,Yes,ok,
kane,Harry Kane,assets/players/kane.png,https://en.wikipedia.org/wiki/Harry_Kane,Harry_Kane_England_v_Ghana_23_June_2026-219_(cropped).jpg,https://commons.wikimedia.org/wiki/File:Harry_Kane_England_v_Ghana_23_June_2026-219_(cropped).jpg,https://upload.wikimedia.org/wikipedia/commons/thumb/a/a3/Harry_Kane_England_v_Ghana_23_June_2026-219_%28cropped%29.jpg/960px-Harry_Kane_England_v_Ghana_23_June_2026-219_%28cropped%29.jpg?utm_source=commons.wikimedia.org&utm_campaign=imageinfo&utm_content=thumbnail,Bryan Berlin,Own work,CC BY-SA 4.0,https://creativecommons.org/licenses/by-sa/4.0,Yes,ok,
modric,Luka Modric,assets/players/modric.png,https://en.wikipedia.org/wiki/Luka_Modri%C4%87,Luka_Modric_Croatia_v_Portugal_2_July_2026-055.jpg,https://commons.wikimedia.org/wiki/File:Luka_Modric_Croatia_v_Portugal_2_July_2026-055.jpg,https://upload.wikimedia.org/wikipedia/commons/thumb/8/80/Luka_Modric_Croatia_v_Portugal_2_July_2026-055.jpg/960px-Luka_Modric_Croatia_v_Portugal_2_July_2026-055.jpg?utm_source=commons.wikimedia.org&utm_campaign=imageinfo&utm_content=thumbnail,Bryan Berlin,Own work,CC BY-SA 4.0,https://creativecommons.org/licenses/by-sa/4.0,Yes,ok,
lewandowski,Robert Lewandowski,assets/players/lewandowski.png,https://en.wikipedia.org/wiki/Robert_Lewandowski,2019147183134_2019-05-27_Fussball_1.FC_Kaiserslautern_vs_FC_Bayern_München_-_Sven_-_1D_X_MK_II_-_0228_-_B70I8527_(cropped).jpg,https://commons.wikimedia.org/wiki/File:2019147183134_2019-05-27_Fussball_1.FC_Kaiserslautern_vs_FC_Bayern_M%C3%BCnchen_-_Sven_-_1D_X_MK_II_-_0228_-_B70I8527_(cropped).jpg,https://upload.wikimedia.org/wikipedia/commons/thumb/2/26/2019147183134_2019-05-27_Fussball_1.FC_Kaiserslautern_vs_FC_Bayern_M%C3%BCnchen_-_Sven_-_1D_X_MK_II_-_0228_-_B70I8527_%28cropped%29.jpg/960px-2019147183134_2019-05-27_Fussball_1.FC_Kaiserslautern_vs_FC_Bayern_M%C3%BCnchen_-_Sven_-_1D_X_MK_II_-_0228_-_B70I8527_%28cropped%29.jpg?utm_source=commons.wikimedia.org&utm_campaign=imageinfo&utm_content=thumbnail,Sven Mandel,Own work,CC BY-SA 4.0,https://creativecommons.org/licenses/by-sa/4.0,Yes,ok,
benzema,Karim Benzema,assets/players/benzema.png,https://en.wikipedia.org/wiki/Karim_Benzema,Karim_Benzema_Pick.jpg,https://commons.wikimedia.org/wiki/File:Karim_Benzema_Pick.jpg,https://upload.wikimedia.org/wikipedia/commons/thumb/5/5f/Karim_Benzema_Pick.jpg/960px-Karim_Benzema_Pick.jpg?utm_source=commons.wikimedia.org&utm_campaign=imageinfo&utm_content=thumbnail,Zack,YouTube : https://www.youtube.com/watch?v=UBaAcUfNL8E – View/save archived versions on archive.org,CC BY 4.0,https://creativecommons.org/licenses/by/4.0,Yes,ok,
griezmann,Antoine Griezmann,assets/players/griezmann.png,https://en.wikipedia.org/wiki/Antoine_Griezmann,FRA-ARG_(10)_(cropped).jpg,https://commons.wikimedia.org/wiki/File:FRA-ARG_(10)_(cropped).jpg,https://upload.wikimedia.org/wikipedia/commons/6/6e/FRA-ARG_%2810%29_%28cropped%29.jpg?utm_source=commons.wikimedia.org&utm_campaign=imageinfo&utm_content=thumbnail_unscaled,Антон Зайцев,soccer.ru,CC BY-SA 3.0,https://creativecommons.org/licenses/by-sa/3.0,Yes,ok,
pedri,Pedri,assets/players/pedri.png,https://en.wikipedia.org/wiki/Pedri,Pedri_Argentina_v_Spain_19_July_2026-197_(cropped).jpg,https://commons.wikimedia.org/wiki/File:Pedri_Argentina_v_Spain_19_July_2026-197_(cropped).jpg,https://upload.wikimedia.org/wikipedia/commons/thumb/1/16/Pedri_Argentina_v_Spain_19_July_2026-197_%28cropped%29.jpg/960px-Pedri_Argentina_v_Spain_19_July_2026-197_%28cropped%29.jpg?utm_source=commons.wikimedia.org&utm_campaign=imageinfo&utm_content=thumbnail,Bryan Berlin,Own work,CC BY-SA 4.0,https://creativecommons.org/licenses/by-sa/4.0,Yes,ok,
rodri,Rodri,assets/players/rodri.png,https://en.wikipedia.org/wiki/Rodri,Rodri_Argentina_v_Spain_19_July_2026-187_(cropped).jpg,https://commons.wikimedia.org/wiki/File:Rodri_Argentina_v_Spain_19_July_2026-187_(cropped).jpg,https://upload.wikimedia.org/wikipedia/commons/thumb/7/7a/Rodri_Argentina_v_Spain_19_July_2026-187_%28cropped%29.jpg/960px-Rodri_Argentina_v_Spain_19_July_2026-187_%28cropped%29.jpg?utm_source=commons.wikimedia.org&utm_campaign=imageinfo&utm_content=thumbnail,Bryan Berlin,Own work,CC BY-SA 4.0,https://creativecommons.org/licenses/by-sa/4.0,Yes,ok,
foden,Phil Foden,assets/players/foden.png,https://en.wikipedia.org/wiki/Phil_Foden,"2023-10-04_Fußball,_Männer,_UEFA_Champions_League,_RB_Leipzig_-_Manchester_City_FC_1DX_2613,_Phil_Foden.jpg","https://commons.wikimedia.org/wiki/File:2023-10-04_Fu%C3%9Fball,_M%C3%A4nner,_UEFA_Champions_League,_RB_Leipzig_-_Manchester_City_FC_1DX_2613,_Phil_Foden.jpg",https://upload.wikimedia.org/wikipedia/commons/thumb/5/53/2023-10-04_Fu%C3%9Fball%2C_M%C3%A4nner%2C_UEFA_Champions_League%2C_RB_Leipzig_-_Manchester_City_FC_1DX_2613%2C_Phil_Foden.jpg/960px-2023-10-04_Fu%C3%9Fball%2C_M%C3%A4nner%2C_UEFA_Champions_League%2C_RB_Leipzig_-_Manchester_City_FC_1DX_2613%2C_Phil_Foden.jpg?utm_source=commons.wikimedia.org&utm_campaign=imageinfo&utm_content=thumbnail,Steffen Prößdorf,Self-photographed,CC BY-SA 4.0,https://creativecommons.org/licenses/by-sa/4.0,Yes,ok,
saka,Bukayo Saka,assets/players/saka.png,https://en.wikipedia.org/wiki/Bukayo_Saka,Bukayo_Saka_England_v_Panama_27_June_26-108_(cropped).jpg,https://commons.wikimedia.org/wiki/File:Bukayo_Saka_England_v_Panama_27_June_26-108_(cropped).jpg,https://upload.wikimedia.org/wikipedia/commons/thumb/1/1e/Bukayo_Saka_England_v_Panama_27_June_26-108_%28cropped%29.jpg/960px-Bukayo_Saka_England_v_Panama_27_June_26-108_%28cropped%29.jpg?utm_source=commons.wikimedia.org&utm_campaign=imageinfo&utm_content=thumbnail,Bryan Berlin,Own work,CC BY-SA 4.0,https://creativecommons.org/licenses/by-sa/4.0,Yes,ok,
yamal,Lamine Yamal,assets/players/yamal.png,https://en.wikipedia.org/wiki/Lamine_Yamal,Lamine_Yamal_France_v_Spain_7.24.26-142.jpg,https://commons.wikimedia.org/wiki/File:Lamine_Yamal_France_v_Spain_7.24.26-142.jpg,https://upload.wikimedia.org/wikipedia/commons/thumb/1/13/Lamine_Yamal_France_v_Spain_7.24.26-142.jpg/960px-Lamine_Yamal_France_v_Spain_7.24.26-142.jpg?utm_source=commons.wikimedia.org&utm_campaign=imageinfo&utm_content=thumbnail,Bryan Berlin,Own work,CC BY-SA 4.0,https://creativecommons.org/licenses/by-sa/4.0,Yes,ok,
musiala,Jamal Musiala,assets/players/musiala.png,https://en.wikipedia.org/wiki/Jamal_Musiala,Jamal_Musiala_Ecuador_v_Germany_25_June_2026-174_(cropped).jpg,https://commons.wikimedia.org/wiki/File:Jamal_Musiala_Ecuador_v_Germany_25_June_2026-174_(cropped).jpg,https://upload.wikimedia.org/wikipedia/commons/thumb/4/44/Jamal_Musiala_Ecuador_v_Germany_25_June_2026-174_%28cropped%29.jpg/960px-Jamal_Musiala_Ecuador_v_Germany_25_June_2026-174_%28cropped%29.jpg?utm_source=commons.wikimedia.org&utm_campaign=imageinfo&utm_content=thumbnail,Bryan Berlin,Own work,CC BY-SA 4.0,https://creativecommons.org/licenses/by-sa/4.0,Yes,ok,
calhanoglu,Hakan Calhanoglu,assets/players/calhanoglu.png,https://en.wikipedia.org/wiki/Hakan_%C3%87alhano%C4%9Flu,AUT_vs._TUR_2016-03-29_(342).jpg,https://commons.wikimedia.org/wiki/File:AUT_vs._TUR_2016-03-29_(342).jpg,https://upload.wikimedia.org/wikipedia/commons/thumb/d/d7/AUT_vs._TUR_2016-03-29_%28342%29.jpg/960px-AUT_vs._TUR_2016-03-29_%28342%29.jpg?utm_source=commons.wikimedia.org&utm_campaign=imageinfo&utm_content=thumbnail,"Steindy ( talk ) 10:15, 11 April 2016 (UTC)",Own work,CC BY-SA 3.0,https://creativecommons.org/licenses/by-sa/3.0,Yes,ok,
ardaguler,Arda Guler,assets/players/ardaguler.png,https://en.wikipedia.org/wiki/Arda_G%C3%BCler,Arda_Güler_2025.jpg,https://commons.wikimedia.org/wiki/File:Arda_G%C3%BCler_2025.jpg,https://upload.wikimedia.org/wikipedia/commons/9/9f/Arda_G%C3%BCler_2025.jpg?utm_source=commons.wikimedia.org&utm_campaign=imageinfo&utm_content=thumbnail_unscaled,LawEnthusiast,Own work,CC BY-SA 4.0,https://creativecommons.org/licenses/by-sa/4.0,Yes,ok,
ilkaygundogan,Ilkay Gundogan,assets/players/ilkaygundogan.png,https://en.wikipedia.org/wiki/%C4%B0lkay_G%C3%BCndo%C4%9Fan,20180602_FIFA_Friendly_Match_Austria_vs._Germany_İlkay_Gündoğan_850_0728.jpg,https://commons.wikimedia.org/wiki/File:20180602_FIFA_Friendly_Match_Austria_vs._Germany_%C4%B0lkay_G%C3%BCndo%C4%9Fan_850_0728.jpg,https://upload.wikimedia.org/wikipedia/commons/thumb/c/c7/20180602_FIFA_Friendly_Match_Austria_vs._Germany_%C4%B0lkay_G%C3%BCndo%C4%9Fan_850_0728.jpg/960px-20180602_FIFA_Friendly_Match_Austria_vs._Germany_%C4%B0lkay_G%C3%BCndo%C4%9Fan_850_0728.jpg?utm_source=commons.wikimedia.org&utm_campaign=imageinfo&utm_content=thumbnail,Granada,Own work,CC BY-SA 4.0,https://creativecommons.org/licenses/by-sa/4.0,Yes,ok,
orkunkokcu,Orkun Kokcu,assets/players/orkunkokcu.png,https://en.wikipedia.org/wiki/Orkun_K%C3%B6k%C3%A7%C3%BC,Orkun_Kökçü_20260121_(2)_-_cropped_version.jpg,https://commons.wikimedia.org/wiki/File:Orkun_K%C3%B6k%C3%A7%C3%BC_20260121_(2)_-_cropped_version.jpg,https://upload.wikimedia.org/wikipedia/commons/thumb/9/98/Orkun_K%C3%B6k%C3%A7%C3%BC_20260121_%282%29_-_cropped_version.jpg/960px-Orkun_K%C3%B6k%C3%A7%C3%BC_20260121_%282%29_-_cropped_version.jpg?utm_source=commons.wikimedia.org&utm_campaign=imageinfo&utm_content=thumbnail,Original: Zafer Derivative work: FootyBystander,File:Orkun Kökçü 20260121 (2).jpg ( Zafer ),CC BY 4.0,https://creativecommons.org/licenses/by/4.0,Yes,ok,
merihdemiral,Merih Demiral,assets/players/merihdemiral.png,https://en.wikipedia.org/wiki/Merih_Demiral,Merih_Demiral_2026.jpg,https://commons.wikimedia.org/wiki/File:Merih_Demiral_2026.jpg,https://upload.wikimedia.org/wikipedia/commons/thumb/8/88/Merih_Demiral_2026.jpg/960px-Merih_Demiral_2026.jpg?utm_source=commons.wikimedia.org&utm_campaign=imageinfo&utm_content=thumbnail,OmarZi64,Own work,CC BY 4.0,https://creativecommons.org/licenses/by/4.0,Yes,ok,
